district_name,district_workload_level,court_name,case_type,registration_number,cnr_number,year,filing_date,first_hearing_date,next_hearing_date,case_status,stage_of_case,act_name,section,police_station,case_age_days,case_duration_years,hearing_gap_days,filing_month,filing_year,is_long_pending,delay_risk_category,case_age_group,hearing_wait_category,stage_delay_score,decision_date,nature_of_disposal,disposal_type
Bengaluru Urban,High,"CHIEF JUDICIAL MAGISTRATE , BENGALURU CITY",C.C. - CRIMINAL CASES,39661/2022,KABC030917662022,2022,2022-12-31 00:00:00,2022-12-30 00:00:00,2026-06-25 00:00:00,Pending,EVIDENCES,The Payment and Settlement Systems Act,"138, 142",HIGH GROUNDS PS,1225,3.36,47,December,2022,Yes,High,3+ Years,Long Wait,Medium,,,
Bengaluru Urban,High,"CHIEF JUDICIAL MAGISTRATE , BENGALURU CITY",C.C. - CRIMINAL CASES,39652/2022,KABC030917442022,2022,2022-12-31 00:00:00,2022-12-31 00:00:00,2026-06-18 00:00:00,Pending,EVIDENCES,Negotiable Instruments Act,138,ASHOK NAGAR PS,1225,3.36,40,December,2022,Yes,High,3+ Years,Moderate Wait,Medium,,,
Bengaluru Urban,High,"CHIEF JUDICIAL MAGISTRATE , BENGALURU CITY",C.C. - CRIMINAL CASES,39650/2022,KABC030917402022,2022,2022-12-31 00:00:00,2022-12-31 00:00:00,2026-06-22 00:00:00,Pending,EVIDENCES,Negotiable Instruments Act,138,CUBBON PARK PS,1225,3.36,44,December,2022,Yes,High,3+ Years,Moderate Wait,Medium,,,
Bengaluru Urban,High,"CHIEF JUDICIAL MAGISTRATE , BENGALURU CITY",C.C. - CRIMINAL CASES,39648/2022,KABC030917362022,2022,2022-12-31 00:00:00,2022-12-31 00:00:00,2026-06-20 00:00:00,Pending,EVIDENCES,Negotiable Instruments Act,138,HIGH GROUNDS PS,1225,3.36,42,December,2022,Yes,High,3+ Years,Moderate Wait,Medium,,,
Bengaluru Urban,High,"CHIEF JUDICIAL MAGISTRATE , BENGALURU CITY",C.C. - CRIMINAL CASES,39644/2022,KABC030917282022,2022,2022-12-31 00:00:00,2022-12-31 00:00:00,2026-06-15 00:00:00,Pending,EVIDENCES,Negotiable Instruments Act,138,ASHOK NAGAR PS,1225,3.36,37,December,2022,Yes,High,3+ Years,Moderate Wait,Medium,,,
Bengaluru Urban,High,"CHIEF JUDICIAL MAGISTRATE , BENGALURU CITY",C.C. - CRIMINAL CASES,39643/2022,KABC030917262022,2022,2022-12-31 00:00:00,2022-12-31 00:00:00,2026-06-11 00:00:00,Pending,EVIDENCES,Negotiable Instruments Act,138,ULSOOR PS,1225,3.36,33,December,2022,Yes,High,3+ Years,Moderate Wait,Medium,,,
Bengaluru Urban,High,"CHIEF JUDICIAL MAGISTRATE , BENGALURU CITY",C.C. - CRIMINAL CASES,39641/2022,KABC030917222022,2022,2022-12-31 00:00:00,2022-12-31 00:00:00,2026-06-09 00:00:00,Pending,EVIDENCES,Negotiable Instruments Act,138,BANASWADI PS,1225,3.36,31,December,2022,Yes,High,3+ Years,Moderate Wait,Medium,,,
Bengaluru Urban,High,"CHIEF JUDICIAL MAGISTRATE , BENGALURU CITY",C.C. - CRIMINAL CASES,39635/2022,KABC030917102022,2022,2022-12-31 00:00:00,2022-12-31 00:00:00,2026-06-08 00:00:00,Pending,EVIDENCES,Negotiable Instruments Act,138,YESHWANTHPUR PS,1225,3.36,30,December,2022,Yes,High,3+ Years,Moderate Wait,Medium,,,
Bengaluru Urban,High,"JUDICIAL MAGISTRATE FIRST CLASS(TRAFFIC COURT-IV), BENGALURU CITY",C.C. - CRIMINAL CASES,10969/2023,KABC060115002023,2023,2023-12-02 00:00:00,2023-12-02 00:00:00,2026-05-11 00:00:00,Pending,STAY,Equivalent Wages Act,8 R 6,,889,2.44,2,December,2023,Yes,Medium,2-3 Years,Short Wait,High,,,
Bengaluru Urban,High,"JUDICIAL MAGISTRATE FIRST CLASS(TRAFFIC COURT-V), BENGALURU CITY",C.C. - CRIMINAL CASES,5009/2023,KABC070057742023,2023,2023-12-22 00:00:00,2023-12-22 00:00:00,2026-07-08 00:00:00,Pending,SUMMONS,K.S and C.E Act,31,,869,2.38,60,December,2023,Yes,Medium,2-3 Years,Long Wait,Medium,,,
Bengaluru Urban,High,"SPL COURT FOR ECONOMIC OFFENCES, BENGALURU",C.C. - CRIMINAL CASES,77/2023,KABC090001282023,2023,2023-08-02 00:00:00,2023-10-04 00:00:00,2026-06-16 00:00:00,Pending,ORDERS,Income Tax Act,276C(1),,1011,2.77,38,August,2023,Yes,High,3+ Years,Moderate Wait,Low,,,
Bengaluru Urban,High,"CHIEF JUDICIAL MAGISTRATE , BENGALURU CITY",C.C. - CRIMINAL CASES,34422/2023,KABC030611342023,2023,2023-12-29 00:00:00,2023-12-30 00:00:00,2026-07-23 00:00:00,Pending,SUMMONS,Negotiable Instruments Act,138,HIGH GROUNDS PS,862,2.36,75,December,2023,Yes,Medium,2-3 Years,Long Wait,Medium,,,
Bengaluru Urban,High,"SPL COURT FOR ECONOMIC OFFENCES, BENGALURU",C.C. - CRIMINAL CASES,122/2023,KABC090001922023,2023,2023-11-20 00:00:00,2023-12-16 00:00:00,2026-07-03 00:00:00,Pending,STAYED BY HIGHER COURT,DRUGS AND COSMETICS ACT,18(a)(i),,901,2.47,55,November,2023,Yes,Medium,2-3 Years,Long Wait,High,,,
Bengaluru Urban,High,"Small Causes Court, Bengaluru",C.C. - CRIMINAL CASES,58677/2022,KABC0B0012632023,2022,2022-12-08 00:00:00,2023-06-07 00:00:00,2026-06-15 00:00:00,Pending,NBW,Order 21 Rule 11 CPC,190CRPC,HULSOOR PS,1248,3.42,37,December,2022,Yes,High,3+ Years,Moderate Wait,High,,,
Bengaluru Urban,High,"AddlChief Judicial Magistrate Court,Bangalore",C.C. - CRIMINAL CASES,59710/2022,KABC0C0327982022,2022,2022-12-30 00:00:00,2023-02-07 00:00:00,2026-07-06 00:00:00,Pending,NBW,U/S 138 of N.I Act,200CRPC,BANASWADI PS,1226,3.36,58,December,2022,Yes,High,3+ Years,Long Wait,High,,,
Bengaluru Urban,High,Bengaluru Subordinate Court,C.C. - CRIMINAL CASES,39217/2022,KABCD0395532022,2022,2022-12-30 00:00:00,2022-12-30 00:00:00,2026-06-20 00:00:00,Pending,EVIDENCES,Negotiable Instruments Act,138,Not handled in PS,1226,3.36,42,December,2022,Yes,High,3+ Years,Moderate Wait,Medium,,,
Bengaluru Urban,High,Bengaluru Subordinate Court,C.C. - CRIMINAL CASES,15267/2023,KABC020441592023,2023,2023-12-28 00:00:00,2023-12-28 00:00:00,2026-06-20 00:00:00,Pending,EVIDENCES,Negotiable Instruments Act,138,Not handled in PS,863,2.36,42,December,2023,Yes,Medium,2-3 Years,Moderate Wait,Medium,,,
Bengaluru Urban,High,Bengaluru Subordinate Court,C.C. - CRIMINAL CASES,9507/2023,KABC040103432023,2023,2023-12-28 00:00:00,2023-12-28 00:00:00,2026-06-20 00:00:00,Pending,EVIDENCES,Negotiable Instruments Act,138,Not handled in PS,863,2.36,42,December,2023,Yes,Medium,2-3 Years,Moderate Wait,Medium,,,
Bengaluru Urban,High,Bengaluru Subordinate Court,C.C. - CRIMINAL CASES,7683/2022,KABC080080972022,2022,2022-12-30 00:00:00,2022-12-30 00:00:00,2026-06-20 00:00:00,Pending,EVIDENCES,Negotiable Instruments Act,138,Not handled in PS,1226,3.36,42,December,2022,Yes,High,3+ Years,Moderate Wait,Medium,,,
Bengaluru Urban,High,Bengaluru Subordinate Court,C.C. - CRIMINAL CASES,5303/2022,KABC070061132022,2022,2022-12-30 00:00:00,2022-12-30 00:00:00,2026-06-20 00:00:00,Pending,EVIDENCES,Negotiable Instruments Act,138,Not handled in PS,1226,3.36,42,December,2022,Yes,High,3+ Years,Moderate Wait,Medium,,,
Bengaluru Urban,High,Bengaluru Subordinate Court,C.C. - CRIMINAL CASES,103/2022,KABC090001802022,2022,2022-12-30 00:00:00,2022-12-30 00:00:00,2026-06-20 00:00:00,Pending,EVIDENCES,Negotiable Instruments Act,138,Not handled in PS,1226,3.36,42,December,2022,Yes,High,3+ Years,Moderate Wait,Medium,,,
Bengaluru Urban,High,Bengaluru Subordinate Court,C.C. - CRIMINAL CASES,10883/2022,KABC040112712022,2022,2022-12-30 00:00:00,2022-12-30 00:00:00,2026-06-20 00:00:00,Pending,EVIDENCES,Negotiable Instruments Act,138,Not handled in PS,1226,3.36,42,December,2022,Yes,High,3+ Years,Moderate Wait,Medium,,,
Bengaluru Urban,High,Bengaluru Subordinate Court,C.C. - CRIMINAL CASES,13523/2022,KABC050141002022,2022,2022-12-30 00:00:00,2022-12-30 00:00:00,2026-06-20 00:00:00,Pending,EVIDENCES,Negotiable Instruments Act,138,Not handled in PS,1226,3.36,42,December,2022,Yes,High,3+ Years,Moderate Wait,Medium,,,
Bengaluru Urban,High,Bengaluru Subordinate Court,C.C. - CRIMINAL CASES,12395/2023,KABC050132792023,2023,2023-12-28 00:00:00,2023-12-28 00:00:00,2026-06-20 00:00:00,Pending,EVIDENCES,Negotiable Instruments Act,138,Not handled in PS,863,2.36,42,December,2023,Yes,Medium,2-3 Years,Moderate Wait,Medium,,,
Bengaluru Urban,High,Bengaluru Subordinate Court,C.C. - CRIMINAL CASES,101/2023,KABC090001752023,2023,2023-12-28 00:00:00,2023-12-28 00:00:00,2026-06-20 00:00:00,Pending,EVIDENCES,Negotiable Instruments Act,138,Not handled in PS,863,2.36,42,December,2023,Yes,Medium,2-3 Years,Moderate Wait,Medium,,,
Bengaluru Urban,High,Bengaluru Subordinate Court,C.C. - CRIMINAL CASES,90/2023,KABC090001712023,2023,2023-12-28 00:00:00,2023-12-28 00:00:00,2026-06-20 00:00:00,Pending,EVIDENCES,Negotiable Instruments Act,138,Not handled in PS,863,2.36,42,December,2023,Yes,Medium,2-3 Years,Moderate Wait,Medium,,,
Bengaluru Urban,High,Bengaluru Subordinate Court,C.C. - CRIMINAL CASES,34420/2023,KABC030611312023,2023,2023-12-28 00:00:00,2023-12-28 00:00:00,2026-06-20 00:00:00,Pending,EVIDENCES,Negotiable Instruments Act,138,Not handled in PS,863,2.36,42,December,2023,Yes,Medium,2-3 Years,Moderate Wait,Medium,,,
Bengaluru Urban,High,Bengaluru Subordinate Court,C.C. - CRIMINAL CASES,10971/2023,KABC060115042023,2023,2023-12-28 00:00:00,2023-12-28 00:00:00,2026-06-20 00:00:00,Pending,EVIDENCES,Negotiable Instruments Act,138,Not handled in PS,863,2.36,42,December,2023,Yes,Medium,2-3 Years,Moderate Wait,Medium,,,
Bengaluru Urban,High,Bengaluru Subordinate Court,C.C. - CRIMINAL CASES,10528/2023,KABC040114142023,2023,2023-12-28 00:00:00,2023-12-28 00:00:00,2026-06-20 00:00:00,Pending,EVIDENCES,Negotiable Instruments Act,138,Not handled in PS,863,2.36,42,December,2023,Yes,Medium,2-3 Years,Moderate Wait,Medium,,,
Bengaluru Urban,High,Bengaluru Subordinate Court,C.C. - CRIMINAL CASES,15292/2023,KABC020450032023,2023,2023-12-28 00:00:00,2023-12-28 00:00:00,2026-06-20 00:00:00,Pending,EVIDENCES,Negotiable Instruments Act,138,Not handled in PS,863,2.36,42,December,2023,Yes,Medium,2-3 Years,Moderate Wait,Medium,08-04-2017,Contested,Settled
Bengaluru Urban,High,"CHIEF JUDICIAL MAGISTRATE , BENGALURU CITY",C.C. - CRIMINAL CASES,30771/2015,KABC030857332015,2015,31-12-2015,01-03-2016,,Disposed,SETTLED IN LOK ADALATH,,,Bengaluru,1241,3.4,0,December,2015,No,Closed,3+ Years,Disposed,,01-06-2017,Contested,Settled
Bengaluru Urban,High,"SPL COURT FOR ECONOMIC OFFENCES, BENGALURU",C.C. - CRIMINAL CASES,422/2015,KABC090004392015,2015,18-11-2015,15-12-2015,,Disposed,DISMISSED,,,Bengaluru,1590,4.36,0,November,2015,No,Closed,3+ Years,Disposed,,27-03-2018,Uncontested,Dismissed
Bengaluru Urban,High,"JUDICIAL MAGISTRATE FIRST CLASS(TRAFFIC COURT-II), BENGALURU CITY",C.C. - CRIMINAL CASES,2835/2015,KABC040031432015,2015,30-12-2015,30-12-2015,,Disposed,PLEADED GUILTY,,,TRAFFIC COURT-II CASE,7,0.02,0,December,2015,No,Closed,0-1 Year,Disposed,,06-01-2016,Contested,Convicted
Bengaluru Urban,High,"JUDICIAL MAGISTRATE FIRST CLASS(TRAFFIC COURT-V), BENGALURU CITY",C.C. - CRIMINAL CASES,17198/2015,KABC070180812015,2015,31-12-2015,24-03-2016,,Disposed,PLEADED GUILTY,,,Bengaluru,84,0.23,0,December,2015,No,Closed,0-1 Year,Disposed,,24-03-2016,Uncontested,Convicted
Bengaluru Urban,High,"Chief Judge, Court of Small Causes",C.C. - CRIMINAL CASES,660085/2010,KABC020318312010,2010,16-06-2010,26-10-2013,,Disposed,COMPROMISED,,,Bengaluru,1350,3.7,0,June,2010,No,Closed,3+ Years,Disposed,,25-02-2014,Uncontested,Settled
Bengaluru Urban,High,"Chief Judge, Court of Small Causes",C.C. - CRIMINAL CASES,60226/2010,KABC020344752010,2010,10-02-2010,05-12-2015,,Disposed,DISMISSED FOR DEFAULT,,,Bengaluru,2502,6.85,0,February,2010,No,Closed,3+ Years,Disposed,,17-12-2016,Uncontested,Dismissed
Bengaluru Urban,High,"Small Causes Court, Bengaluru",C.C. - CRIMINAL CASES,56136/2015,KABC0B0008692020,2015,15-12-2015,10-02-2020,,Disposed,DISPOSED OTHERWISE,,,Bengaluru,2401,6.58,0,December,2015,No,Closed,3+ Years,Disposed,,08-07-2022,Uncontested,Disposed Otherwise
Bengaluru Urban,High,"Small Causes Court, Bengaluru",C.C. - CRIMINAL CASES,55528/2015,KABC0B0045362018,2015,26-11-2015,11-07-2018,,Disposed,WITHDRAWN,,,Bengaluru,1114,3.05,0,November,2015,No,Closed,3+ Years,Disposed,,14-12-2018,Uncontested,Withdrawn
Bengaluru Urban,High,Judicial Magistrate - Traffic Court I,C.C. - CRIMINAL CASES,54078/2015,KABCD0542142015,2015,31-12-2015,31-12-2015,,Disposed,CONVICTED,,,TRAFFIC COURT-I CASE,0,0.0,0,December,2015,No,Closed,0-1 Year,Disposed,,31-12-2015,Uncontested,Convicted
Bengaluru Urban,High,"AddlChief Judicial Magistrate Court,Bangalore",C.C. - CRIMINAL CASES,56313/2015,KABC0C0128682015,2015,31-12-2015,09-03-2016,,Disposed,SETTLED IN LOK ADALATH,,,Bengaluru,895,2.45,0,December,2015,No,Closed,2-3 Years,Disposed,,13-06-2018,Uncontested,Settled
Bengaluru Urban,High,"CHIEF JUDICIAL MAGISTRATE , BENGALURU CITY",C.C. - CRIMINAL CASES,30459/2019,KABC030946032019,2019,31-12-2019,31-12-2019,,Disposed,DISMISSED FOR DEFAULT,,,HIGH GROUNDS PS,1520,4.16,0,December,2019,No,Closed,3+ Years,Disposed,,28-02-2024,Uncontested,Dismissed
Bengaluru Urban,High,"CHIEF JUDICIAL MAGISTRATE , BENGALURU CITY",C.C. - CRIMINAL CASES,30423/2019,KABC030944812019,2019,31-12-2019,31-12-2019,,Disposed,CONVICTED,,,ASHOK NAGAR PS,1495,4.09,0,December,2019,No,Closed,3+ Years,Disposed,,03-02-2024,Contested,Convicted
Bengaluru Urban,High,"CHIEF JUDICIAL MAGISTRATE , BENGALURU CITY",C.C. - CRIMINAL CASES,30408/2019,KABC030944052019,2019,30-12-2019,03-03-2020,,Disposed,CONVICTED AND SENTENCED,NEGOTIABLE INSTRUMENTS ACT,138,BASAVESHWARANAGARA PS,1326,3.63,0,December,2019,No,Closed,3+ Years,Disposed,,17-08-2023,Contested,Convicted
Belagavi,Large district,PRL. SR. CIVIL JUDGE AND C.J.M. BELAGAVI,C.C. - CRIMINAL CASES,2022-02-01 00:00:00,KABG020013272022,2022,2022-11-25 00:00:00,2022-12-21 00:00:00,2026-06-16 00:00:00,Pending,Hearing-Miscellaneous,INDIAN PENAL CODE,"504, 506",KHADEBAZAR PS,1261,3.45,38,November,2022,Yes,High,3+ Years,Long Wait,High,,,
Belagavi,Large district,"JMFC VIII COURT, BELAGAVI",C.C. - CRIMINAL CASES,943/2022,KABG120024732022,2022,2022-12-17 00:00:00,2022-12-17 00:00:00,2026-05-18 00:00:00,Pending,SS TO ACCUSED,KARNATAKA POLICE ACT,78(3),APMC PS,1239,3.39,9,December,2022,Yes,High,3+ Years,Long Wait,High,,,
Belagavi,Large district,PRL. CIVIL JUDGE AND JMFC BELAGAVI,C.C. - CRIMINAL CASES,367/2022,KABG040027312022,2022,2022-12-28 00:00:00,2022-12-28 00:00:00,2026-06-25 00:00:00,Pending,NBW,NEGOTIABLE INSTRUMENTS ACT,138,Civil Dispute / Not Applicable,1228,3.36,47,December,2022,Yes,High,3+ Years,Long Wait,High,,,
Belagavi,Large district,JMFC II COURT BELAGAVI,C.C. - CRIMINAL CASES,1226/2022,KABG060015792022,2022,2022-11-22 00:00:00,2022-11-22 00:00:00,2026-06-17 00:00:00,Pending,EVIDENCE,INDIAN PENAL CODE,"324, 504",MALMARUTI PS,1264,3.46,39,November,2022,Yes,High,3+ Years,Long Wait,High,,,
Belagavi,Large district,JMFC III COURT BELAGAVI,C.C. - CRIMINAL CASES,1651/2022,KABG070018522022,2022,2022-11-08 00:00:00,2022-11-09 00:00:00,2026-06-19 00:00:00,Pending,EVIDENCE,INDIAN PENAL CODE,"279, 304(A)",TILAKWADI PS,1278,3.5,41,November,2022,Yes,High,3+ Years,Long Wait,High,,,
Belagavi,Large district,PRL Civil Judge and JMFC RAIBAG,C.C. - CRIMINAL CASES,3395/2022,KABGB10063682022,2022,2022-12-21 00:00:00,2023-03-03 00:00:00,2026-06-12 00:00:00,Pending,EVIDENCE,INDIAN PENAL CODE,420,RAIBAG PS,1235,3.38,34,December,2022,Yes,High,3+ Years,Long Wait,High,,,
Belagavi,Large district,PRL.CIVIL JUDGE AND J.M.F.C. GOKAK,C.C. - CRIMINAL CASES,8881/2022,KABG510120282022,2022,2022-12-27 00:00:00,2023-03-28 00:00:00,2026-07-21 00:00:00,Pending,NBW TO ACCUSED,NEGOTIABLE INSTRUMENTS ACT,138,Civil Dispute / Not Applicable,1229,3.37,73,December,2022,Yes,High,3+ Years,Long Wait,High,,,
Belagavi,Large district,PRINCIPAL CIVIL JUDGE AND JMFC COURT NIPANI,C.C. - CRIMINAL CASES,1545/2022,KABGA00019792022,2022,2022-08-19 00:00:00,2022-11-21 00:00:00,2026-06-20 00:00:00,Pending,EVIDENCE,INDIAN PENAL CODE,"143, 147, 323",NIPANI PS,1359,3.72,42,August,2022,Yes,High,3+ Years,Long Wait,High,,,
Belagavi,Large district,CIVIL JUDGE AND JMFC COURT SAUNDATTI,C.C. - CRIMINAL CASES,2206/2022,KABGE10038452022,2022,2022-12-28 00:00:00,2023-02-22 00:00:00,2026-06-18 00:00:00,Pending,PLEA,NEGOTIABLE INSTRUMENTS ACT,138,Civil Dispute / Not Applicable,1228,3.36,40,December,2022,Yes,High,3+ Years,Long Wait,High,,,
Belagavi,Large district,CIVIL JUDGE AND JMFC COURT SAUNDATTI,C.C. - CRIMINAL CASES,2177/2022,KABGE10037632022,2022,2022-12-09 00:00:00,2023-02-15 00:00:00,2026-07-14 00:00:00,Pending,NBW TO ACCUSED,NEGOTIABLE INSTRUMENTS ACT,138,Civil Dispute / Not Applicable,1247,3.42,66,December,2022,Yes,High,3+ Years,Long Wait,High,,,
Belagavi,Large district,CIVIL JUDGE AND JMFC COURT SAUNDATTI,C.C. - CRIMINAL CASES,2131/2022,KABGE10036382022,2022,2022-11-17 00:00:00,2023-01-09 00:00:00,2026-08-18 00:00:00,Pending,NBW TO ACCUSED,INDIAN PENAL CODE,"504, 506",SAUNDATTI PS,1269,3.48,101,November,2022,Yes,High,3+ Years,Long Wait,High,,,
Belagavi,Large district,CIVIL JUDGE AND J.M.F.C. SANKESHWAR,C.C. - CRIMINAL CASES,2364/2022,KABGD00038182022,2022,2022-12-28 00:00:00,2023-02-06 00:00:00,2026-05-26 00:00:00,Pending,ISSUE NBW TO ACCUSED,NEGOTIABLE INSTRUMENTS ACT,138,Civil Dispute / Not Applicable,1228,3.36,17,December,2022,Yes,High,3+ Years,Long Wait,High,,,
Belagavi,Large district,"Prl. CIVIL JUDGE AND JMFC, ATHANI",C.C. - CRIMINAL CASES,4519/2022,KABG210072542022,2022,2022-12-07 00:00:00,2023-01-18 00:00:00,2026-06-12 00:00:00,Pending,NBW TO ACCUSED,NEGOTIABLE INSTRUMENTS ACT,138,Civil Dispute / Not Applicable,1249,3.42,34,December,2022,Yes,High,3+ Years,Long Wait,High,,,
Belagavi,Large district,CIVIL JUDGE AND JMFC HUKKERI,C.C. - CRIMINAL CASES,1846/2022,KABG610029352022,2022,2022-12-06 00:00:00,2022-12-06 00:00:00,2026-06-06 00:00:00,Pending,EVIDENCE,MOTOR VEHICLES ACT + IPC,"279, 304(A)",HUKKERI PS,1250,3.42,28,December,2022,Yes,High,3+ Years,Long Wait,High,,,
Belagavi,Large district,PRINCIPAL CIVIL JUDGE AND JMFC COURT KHANAPUR,C.C. - CRIMINAL CASES,2068/2022,KABG710032482022,2022,2022-10-01 00:00:00,2022-10-12 00:00:00,2026-07-14 00:00:00,Pending,EVIDENCE,INDIAN PENAL CODE,"454, 380",KHANAPUR PS,1316,3.61,66,October,2022,Yes,High,3+ Years,Long Wait,High,,,
Belagavi,Large district,PRL.CIVIL JUDGE AND J.M.F.C. CHIKODI,C.C. - CRIMINAL CASES,3171/2022,KABG410058572022,2022,2022-12-16 00:00:00,2022-12-16 00:00:00,2026-06-30 00:00:00,Pending,AWAIT ORDERS,Cr.P.C.,344,CHIKODI PS,1240,3.4,52,December,2022,Yes,High,3+ Years,Long Wait,High,,,
Belagavi,Large district,SENIOR CIVIL JUDGE AND JMFC RAMDURGA,C.C. - CRIMINAL CASES,483/2022,KABGC00012892022,2022,2022-09-15 00:00:00,2022-11-24 00:00:00,2026-06-19 00:00:00,Pending,ISSUE NBW TO ACCUSED,NEGOTIABLE INSTRUMENTS ACT,138,Civil Dispute / Not Applicable,1332,3.65,41,September,2022,Yes,High,3+ Years,Long Wait,High,,,
Belagavi,Large district,PRL. CIVIL JUDGE AND JMFC BAILHONGAL,C.C. - CRIMINAL CASES,1960/2022,KABG310035362022,2022,2022-12-12 00:00:00,2022-12-12 00:00:00,2026-07-24 00:00:00,Pending,EVIDENCE,INDIAN PENAL CODE,"326, 504, 506",NESARGI PS,1244,3.41,76,December,2022,Yes,High,3+ Years,Long Wait,High,,,
Belagavi,Large district,Civil Judge and JMFC Mudalagi,C.C. - CRIMINAL CASES,1303/2022,KABG900018862022,2022,2022-09-01 00:00:00,2022-09-01 00:00:00,2026-06-08 00:00:00,Pending,ISSUE NBW TO ACCUSED,NEGOTIABLE INSTRUMENTS ACT,138,Civil Dispute / Not Applicable,1346,3.69,30,September,2022,Yes,High,3+ Years,Long Wait,High,,,
Belagavi,Large district,"Civil Judge and JMFC, Kittur",C.C. - CRIMINAL CASES,1243/2022,KABG800023182022,2022,2022-12-29 00:00:00,2023-02-09 00:00:00,2026-07-03 00:00:00,Pending,NBW TO ACCUSED,NEGOTIABLE INSTRUMENTS ACT,138,Civil Dispute / Not Applicable,1227,3.36,55,December,2022,Yes,High,3+ Years,Long Wait,High,,,
Belagavi,Large district,"JMFC VIII COURT, BELAGAVI",C.C. - CRIMINAL CASES,940/2022,KABG120024672022,2022,2022-12-16 00:00:00,2022-12-16 00:00:00,,Disposed,CONVICTED AND SENTENCED,Negotiable Instruments Act,138,Belagavi,1240,3.4,0,December,2022,No,Closed,3+ Years,Disposed,,2024-08-24 00:00:00,Contested,Acquitted
Belagavi,Large district,"JMFC VIII COURT, BELAGAVI",C.C. - CRIMINAL CASES,928/2022,KABG120024342022,2022,2022-12-08 00:00:00,2022-12-08 00:00:00,,Disposed,DISPOSED OTHERWISE,Negotiable Instruments Act,138,Belagavi,1248,3.42,0,December,2022,No,Closed,3+ Years,Disposed,,2024-03-30 00:00:00,Uncontested,Disposed Otherwise
Belagavi,Large district,PRL Civil Judge and JMFC RAIBAG,C.C. - CRIMINAL CASES,3409/2022,KABGB10063902022,2022,2022-12-21 00:00:00,2023-02-24 00:00:00,,Disposed,SETTLED IN LOK ADALATH,MV Act,3181,Raibag,1235,3.38,0,December,2022,No,Closed,3+ Years,Disposed,,2024-01-23 00:00:00,Uncontested,Settled
Belagavi,Large district,PRL Civil Judge and JMFC RAIBAG,C.C. - CRIMINAL CASES,3372/2022,KABGB10062632022,2022,2022-12-14 00:00:00,2022-12-19 00:00:00,,Disposed,COMMITTED TO SESSION COURT,MV Act,"196,3,181",Raibag,1242,3.4,0,December,2022,No,Closed,3+ Years,Disposed,,2023-05-04 00:00:00,Uncontested,Committed
Belagavi,Large district,PRL.CIVIL JUDGE AND J.M.F.C. GOKAK,C.C. - CRIMINAL CASES,8876/2022,KABG510120312022,2022,2022-12-27 00:00:00,2023-02-03 00:00:00,,Disposed,DISPOSED OTHERWISE,Negotiable Instruments Act,138,Gokak,1229,3.37,0,December,2022,No,Closed,3+ Years,Disposed,,2025-03-26 00:00:00,Uncontested,Disposed Otherwise
Belagavi,Large district,PRL.CIVIL JUDGE AND J.M.F.C. GOKAK,C.C. - CRIMINAL CASES,8843/2022,KABG510119662022,2022,2022-12-27 00:00:00,2022-12-27 00:00:00,,Disposed,ABATED,MV Act,3181,Gokak,1229,3.37,0,December,2022,No,Closed,3+ Years,Disposed,,2022-12-27 00:00:00,Uncontested,Abated
Belagavi,Large district,PRL. CIVIL JUDGE AND JMFC BELAGAVI,C.C. - CRIMINAL CASES,364/2022,KABG040027322022,2022,2022-12-28 00:00:00,2022-12-28 00:00:00,,Disposed,CONVICTED ON PLEA BARGAINING,Negotiable Instruments Act,138,Belagavi,1228,3.36,0,December,2022,No,Closed,3+ Years,Disposed,,2023-03-03 00:00:00,Uncontested,Convicted
Belagavi,Large district,PRL. CIVIL JUDGE AND JMFC BELAGAVI,C.C. - CRIMINAL CASES,342/2022,KABG040024572022,2022,2022-11-24 00:00:00,2022-11-24 00:00:00,,Disposed,COMMITTED TO SESSION COURT,MV Act,"196,3,181",Belagavi,1262,3.46,0,November,2022,No,Closed,3+ Years,Disposed,,2022-12-09 00:00:00,Uncontested,Committed
Belagavi,Large district,PRINCIPAL CIVIL JUDGE AND JMFC COURT NIPANI,C.C. - CRIMINAL CASES,1971/2022,KABGA00025772022,2022,2022-11-29 00:00:00,2022-11-29 00:00:00,,Disposed,SETTLED IN LOK ADALATH,Negotiable Instruments Act,138,Nipani,1257,3.44,0,November,2022,No,Closed,3+ Years,Disposed,,2023-02-11 00:00:00,Uncontested,Settled
Belagavi,Large district,PRINCIPAL CIVIL JUDGE AND JMFC COURT NIPANI,C.C. - CRIMINAL CASES,1944/2022,KABGA00024972022,2022,2022-11-10 00:00:00,2022-11-12 00:00:00,,Disposed,SETTLED IN LOK ADALATH,MV Act,3181,Nipani,1276,3.5,0,November,2022,No,Closed,3+ Years,Disposed,,2022-11-12 00:00:00,Uncontested,Settled
Belagavi,Large district,CIVIL JUDGE AND JMFC COURT SAUNDATTI,C.C. - CRIMINAL CASES,2187/2022,KABGE10038242022,2022,2022-12-26 00:00:00,2023-02-16 00:00:00,,Disposed,SETTLED IN LOK ADALATH,Negotiable Instruments Act,138,Saundatti,1230,3.37,0,December,2022,No,Closed,3+ Years,Disposed,,2023-05-17 00:00:00,Uncontested,Settled
Belagavi,Large district,CIVIL JUDGE AND J.M.F.C. SANKESHWAR,C.C. - CRIMINAL CASES,2354/2022,KABGD00037712022,2022,2022-12-08 00:00:00,2022-12-09 00:00:00,,Disposed,COMMITTED TO SESSION COURT,MV Act,"196,3,181",Sankeshwar,1248,3.42,0,December,2022,No,Closed,3+ Years,Disposed,,2023-02-13 00:00:00,Uncontested,Committed
Belagavi,Large district,CIVIL JUDGE AND J.M.F.C. SANKESHWAR,C.C. - CRIMINAL CASES,2323/2022,KABGD00036862022,2022,2022-11-25 00:00:00,2023-02-03 00:00:00,,Disposed,SETTLED IN LOK ADALATH,Negotiable Instruments Act,138,Sankeshwar,1261,3.45,0,November,2022,No,Closed,3+ Years,Disposed,,2023-02-11 00:00:00,Uncontested,Settled
Belagavi,Large district,"Prl. CIVIL JUDGE AND JMFC, ATHANI",C.C. - CRIMINAL CASES,4481/2022,KABG210071282022,2022,2022-12-13 00:00:00,2022-12-13 00:00:00,,Disposed,CONVICTED ON PLEA BARGAINING,Negotiable Instruments Act,138,Athani,1243,3.41,0,December,2022,No,Closed,3+ Years,Disposed,,2022-12-13 00:00:00,Uncontested,Convicted
Belagavi,Large district,CIVIL JUDGE AND JMFC HUKKERI,C.C. - CRIMINAL CASES,1884/2022,KABG610030082022,2022,2022-12-22 00:00:00,2022-12-22 00:00:00,,Disposed,SETTLED IN LOK ADALATH,Negotiable Instruments Act,138,Hukkeri,1234,3.38,0,December,2022,No,Closed,3+ Years,Disposed,,2025-06-19 00:00:00,Uncontested,Settled
Belagavi,Large district,PRINCIPAL CIVIL JUDGE AND JMFC COURT KHANAPUR,C.C. - CRIMINAL CASES,2637/2022,KABG710040572022,2022,2022-12-08 00:00:00,2023-01-25 00:00:00,,Disposed,TRANSFERRED,MV Act,"196,3,181",Khanapur,1248,3.42,0,December,2022,No,Closed,3+ Years,Disposed,,2025-02-03 00:00:00,Uncontested,Transferred
Belagavi,Large district,PRL.CIVIL JUDGE AND J.M.F.C. CHIKODI,C.C. - CRIMINAL CASES,3234/2022,KABG410059732022,2022,2022-12-28 00:00:00,2023-01-19 00:00:00,,Disposed,ACQUITTED,Negotiable Instruments Act,138,Chikodi,1228,3.36,0,December,2022,No,Closed,3+ Years,Disposed,,2023-10-27 00:00:00,Contested,Acquitted
Belagavi,Large district,SENIOR CIVIL JUDGE AND JMFC RAMDURGA,C.C. - CRIMINAL CASES,674/2022,KABGC00017092022,2022,2022-12-28 00:00:00,2023-01-09 00:00:00,,Disposed,DISMISSED,MV Act,3181,Ramdurga,1228,3.36,0,December,2022,No,Closed,3+ Years,Disposed,,2024-10-03 00:00:00,Uncontested,Dismissed
Belagavi,Large district,PRL. CIVIL JUDGE AND JMFC BAILHONGAL,C.C. - CRIMINAL CASES,2025/2022,KABG310036492022,2022,2022-12-29 00:00:00,2022-12-30 00:00:00,,Disposed,ACQUITTED,MV Act,"196,3,181",Bailhongal,1227,3.36,0,December,2022,No,Closed,3+ Years,Disposed,,2026-05-07 00:00:00,Contested,Acquitted
Belagavi,Large district,"Civil Judge and JMFC, Kittur",C.C. - CRIMINAL CASES,1241/2022,KABG800023142022,2022,2022-12-29 00:00:00,2023-02-09 00:00:00,,Disposed,CONVICTED AND SENTENCED,Negotiable Instruments Act,138,Kittur,1227,3.36,0,December,2022,No,Closed,3+ Years,Disposed,,2026-02-26 00:00:00,Contested,Convicted
Kalaburagi,Lower load,"SENIOR CIVIL JUDGE COURT, ALAND",C.C. - Criminal Case,183/2022,KAKB210005662022,2022,2022-11-21 00:00:00,2022-11-21 00:00:00,2026-05-11 00:00:00,Pending,APPEARANCE OF ACCUSED,IPC,"143, 147",Aland PS,1265,3.47,35,November,2022,Yes,High,3+ Years,Moderate Wait,Medium,,,
Kalaburagi,Lower load,"CIVIL JUDGE AND JMFC COURT, ALAND",C.C. - CRIMINAL CASES,11827/2022,KAKB220136112022,2022,2022-12-21 00:00:00,2022-12-21 00:00:00,2026-06-18 00:00:00,Pending,APPEARANCE OF ACCUSED,Other Law Cases,"14, 15, 32, 38(a)","EXCISE PS, GULBARGA",1235,3.38,40,December,2022,Yes,High,3+ Years,Moderate Wait,Medium,,,
Kalaburagi,Lower load,"PRL.CIVIL JUDGE AND JMFC COURT, KALABURAGI",C.C. - CRIMINAL CASES,20738/2022,KA32030231112022,2022,2022-12-24 00:00:00,2023-02-14 00:00:00,2026-07-14 00:00:00,Pending,APPEARANCE OF ACCUSED,IPC,"323, 324",Kalaburagi PS,1232,3.38,45,December,2022,Yes,High,3+ Years,Long Wait,High,,,
Kalaburagi,Lower load,PRL.CIVIL JUDGE AND JMFC CHINCHOLI,C.C. - CRIMINAL CASES,585/2023,KAKB420015332023,2023,2023-10-19 00:00:00,2023-10-19 00:00:00,2026-07-09 00:00:00,Pending,EVIDENCE-CRIMINAL,IPC,"341, 504",Chincholi PS,933,2.56,38,October,2023,No,Medium,2-3 Years,Moderate Wait,Medium,,,
Kalaburagi,Lower load,"CIVIL JUDGE AND JMFC , SEDAM.",C.C. - CRIMINAL CASES,1385/2023,KAKB720027852023,2023,2023-12-18 00:00:00,2023-12-18 00:00:00,2026-05-27 00:00:00,Pending,APPEARANCE OF ACCUSED,IPC,"506, 34",Sedam PS,873,2.39,30,December,2023,No,Medium,2-3 Years,Moderate Wait,Medium,,,
Kalaburagi,Lower load,CIVIL JUDGE AND JMFC CHITAPUR.,C.C. - CRIMINAL CASES,4021/2023,KAKB520053762023,2023,2023-12-05 00:00:00,2024-03-12 00:00:00,2026-08-05 00:00:00,Pending,APPEARANCE OF ACCUSED,IPC,"379, 34",Chitapur PS,886,2.43,50,December,2023,No,High,2-3 Years,Long Wait,High,,,
Kalaburagi,Lower load,"CIVIL JUDGE AND JMFC,JEVARGI",C.C. - CRIMINAL CASES,486/2023,KAKB620017402023,2023,2023-11-08 00:00:00,2023-12-29 00:00:00,2026-05-18 00:00:00,Pending,APPEARANCE OF ACCUSED,IPC,"324, 504",Jevargi PS,913,2.5,28,November,2023,No,Medium,2-3 Years,Short Wait,Low,,,
Kalaburagi,Lower load,"SENIOR CIVIL JUDGE AND JMFC, JEVARGI",C.C. - CRIMINAL CASES,227/2023,KAKB610015272023,2023,2023-12-22 00:00:00,2024-02-05 00:00:00,2026-06-03 00:00:00,Pending,EVIDENCE-CRIMINAL,IPC,"420, 34",Jevargi PS,869,2.38,32,December,2023,No,Medium,2-3 Years,Moderate Wait,Medium,,,
Kalaburagi,Lower load,"CIVIL JUDGE AND JMFC,AFZALPUR",C.C. - CRIMINAL CASES,1643/2022,KAKB320022592022,2022,2022-12-14 00:00:00,2023-03-23 00:00:00,2026-06-05 00:00:00,Pending,EVIDENCE,IPC,"323, 506",Afzalpur PS,1242,3.4,36,December,2022,Yes,Medium,3+ Years,Moderate Wait,Medium,,,
Kalaburagi,Lower load,"CIVIL JUDGE AND JMFC, SHAHABAD",C.C. - CRIMINAL CASES,953/2022,KAKB820011072022,2022,2022-10-11 00:00:00,2022-11-28 00:00:00,2026-06-23 00:00:00,Pending,APPEARANCE OF ACCUSED,IPC,"341, 323",Shahabad PS,1306,3.58,42,October,2022,Yes,High,3+ Years,Moderate Wait,Medium,,,
Kalaburagi,Lower load,PRL.CIVIL JUDGE AND JMFC CHINCHOLI.,C.C. - CRIMINAL CASES,1133/2022,KAKB420020002022,2022,2022-10-06 00:00:00,2022-10-06 00:00:00,2026-06-16 00:00:00,Pending,EVIDENCE-CRIMINAL,IPC,"504, 506",Chincholi PS,1311,3.59,37,October,2022,Yes,High,3+ Years,Moderate Wait,Medium,,,
Kalaburagi,Lower load,"CIVIL JUDGE AND JMFC , SEDAM.",C.C. - CRIMINAL CASES,1571/2022,KAKB720024672022,2022,2022-10-13 00:00:00,2022-10-13 00:00:00,2026-05-13 00:00:00,Pending,NBW to respondent,IPC,"420, 34",Sedam PS,1304,3.57,29,October,2022,Yes,High,3+ Years,Short Wait,Low,,,
Kalaburagi,Lower load,CIVIL JUDGE AND JMFC CHITAPUR.,C.C. - CRIMINAL CASES,3277/2022,KAKB520044202022,2022,2022-11-16 00:00:00,2022-11-16 00:00:00,2026-05-26 00:00:00,Pending,EVIDENCE-CRIMINAL,IPC,"324, 506",Chitapur PS,1270,3.48,33,November,2022,Yes,Medium,3+ Years,Moderate Wait,Medium,,,
Kalaburagi,Lower load,"CIVIL JUDGE AND JMFC, JEVARGI",C.C. - CRIMINAL CASES,1050/2022,KAKB620017592022,2022,2022-08-24 00:00:00,2022-09-08 00:00:00,2026-05-20 00:00:00,Pending,EVIDENCE-CRIMINAL,IPC,"379, 34",Jevargi PS,1354,3.71,41,August,2022,Yes,High,3+ Years,Moderate Wait,Medium,,,
Kalaburagi,Lower load,"SENIOR CIVIL JUDGE AND JMFC, JEVARGI",C.C. - CRIMINAL CASES,451/2022,KAKB610012982022,2022,2022-11-19 00:00:00,2022-12-23 00:00:00,2026-05-12 00:00:00,Pending,APPEARANCE OF ACCUSED,IPC,"143, 147",Jevargi PS,1267,3.47,31,November,2022,Yes,Medium,3+ Years,Moderate Wait,Medium,,,
Kalaburagi,Lower load,"CIVIL JUDGE AND JMFC, AFZALPUR",C.C. - CRIMINAL CASES,1495/2020,KAKB320017532020,2020,2020-12-24 00:00:00,2021-02-10 00:00:00,,Disposed,Lok Adalath,IPC ACT,379,AFZALPUR PS,664,1.82,0,December,2020,No,Medium,1-2 Years,Closed,Medium,2022-10-19 00:00:00,Uncontested - SETTLED IN LOK ADALATH,Settled
Kalaburagi,Lower load,"SENIOR CIVIL JUDGE AND JMFC, JEVARGI",C.C. - CRIMINAL CASES,939/2020,KAKB610013122020,2020,2020-12-19 00:00:00,2020-12-19 00:00:00,,Disposed,Plea,CPC,92,JEVARGI PS,0,0.0,0,December,2020,No,Low,Disposed Quickly,Closed,Low,2020-12-19 00:00:00,Uncontested - CONVICTED ON PLEAD GUILTY /PLEA BARGAINING,Convicted
Kalaburagi,Lower load,"CIVIL JUDGE AND JMFC, JEVARGI",C.C. - CRIMINAL CASES,985/2020,KAKB620012522020,2020,2020-12-19 00:00:00,2020-12-19 00:00:00,,Disposed,Lok Adalath,KARNATAKA POLICE ACT,92(F) Karnataka Police Act,YEDRAMI PS,0,0.0,0,December,2020,No,Low,Disposed Quickly,Closed,Low,2020-12-19 00:00:00,Uncontested - SETTLED IN LOK ADALATH,Settled
Kalaburagi,Lower load,CIVIL JUDGE AND JMFC CHITAPUR,C.C. - CRIMINAL CASES,1695/2020,KAKB520030982020,2020,2020-12-19 00:00:00,2020-12-19 00:00:00,,Disposed,Lok Adalath,KP ACT,92(O) KP ACT,KALAGI PS,0,0.0,0,December,2020,No,Low,Disposed Quickly,Closed,Low,2020-12-19 00:00:00,Uncontested - SETTLED IN LOK ADALATH,Settled
Kalaburagi,Lower load,"CIVIL JUDGE AND JMFC, SEDAM",C.C. - CRIMINAL CASES,2474/2021,KAKB720034312021,2021,2021-12-18 00:00:00,2021-12-18 00:00:00,,Disposed,Lok Adalath,IPC,Not Available,MUDHOL PS,0,0.0,0,December,2021,No,Low,Disposed Quickly,Closed,Low,2021-12-18 00:00:00,Uncontested - SETTLED IN LOK ADALATH,Settled
Kalaburagi,Lower load,PRL.CIVIL JUDGE AND JMFC CHINCHOLI,C.C. - CRIMINAL CASES,4013/2021,KAKB420046932021,2021,2021-12-20 00:00:00,2021-12-22 00:00:00,,Disposed,Plea,IPC,187279337338,MIRIYAN PS,2,0.01,0,December,2021,No,Low,Disposed Quickly,Closed,Low,2021-12-22 00:00:00,Uncontested - CONVICTED ON PLEAD GUILTY / PLEA BARGAINING,Convicted
Kalaburagi,Lower load,"PRL.CIVIL JUDGE AND JMFC COURT, KALABURAGI",C.C. - CRIMINAL CASES,20793/2022,KA32030231672022,2022,2022-12-29 00:00:00,2023-02-13 00:00:00,,Disposed,Lok Adalath,Other Law,138 NI ACT,BRAHMAPUR PS,799,2.19,0,December,2022,No,Medium,2-3 Years,Closed,Medium,2025-03-08 00:00:00,Uncontested - SETTLED IN LOK ADALATH,Settled
Kalaburagi,Lower load,"Prl. Senior Civil Judge and CJM, Kalaburagi",C.C. - CRIMINAL CASES,2022-02-01 00:00:00,KA32020000132022,2022,2022-01-03 00:00:00,2022-01-03 00:00:00,,Disposed,Judgement,IPC,143147148324323000320,STATION BAZAR PS,9,0.02,0,January,2022,No,Low,Disposed Quickly,Closed,Low,2022-01-12 00:00:00,Contested - ACQUITTED,Acquitted
Kalaburagi,Lower load,"CIVIL JUDGE AND JMFC COURT, ALAND",C.C. - CRIMINAL CASES,11845/2022,KAKB220136432022,2022,2022-12-28 00:00:00,2022-12-28 00:00:00,,Disposed,Plea,INDIAN PENAL CODE,"279, 337, 338 IPC",NIMBARGA PS,56,0.15,0,December,2022,No,Low,Disposed Quickly,Closed,Low,2023-02-22 00:00:00,Uncontested - CONVICTED ON PLEAD GUILTY / PLEA BARGAINING,Convicted
Mysuru,Medium,PRL.CIVIL JUDGE AND JMFC NANJANGUD,C.C. - CRIMINAL CASES,9170/2022,KAMS510136652022,2022,12/28/2022,12/28/2022,7/12/2026,Pending,Appearance,IPC,34,Periyapatna,1228,3.36,64,December,2022,Yes,High,3+ Years,Long Wait,Low,,,
Mysuru,Medium,PRL SENIOR CIVIL JUDGE AND CJM,C.C. - CRIMINAL CASES,1013/2022,KAMS020043332022,2022,12/27/2022,12/27/2022,6/25/2026,Pending,Appearance,IPC,420,Periyapatna,1229,3.37,47,December,2022,Yes,High,3+ Years,Long Wait,Medium,,,
Mysuru,Medium,PRL CIVIL JUDGE AND JMFC MYSURU,C.C. - CRIMINAL CASES,37897/2022,KAMS030437392022,2022,12/29/2022,12/29/2022,7/28/2026,Pending,Hearing,IPC,323,Nanjangud,1227,3.36,80,December,2022,Yes,High,3+ Years,Long Wait,Medium,,,
Mysuru,Medium,"JMFC II COURT, MYSURU",C.C. - CRIMINAL CASES,10418/2022,KAMS090114612022,2022,12/31/2022,12/31/2022,6/16/2026,Pending,Arguments,IPC,506,Hunsur,1225,3.36,38,December,2022,Yes,High,3+ Years,Moderate Wait,Low,,,
Mysuru,Medium,"JMFC IV COURT, MYSORE",C.C. - CRIMINAL CASES,6734/2022,KAMS0B0079142022,2022,12/2/2022,12/2/2022,6/3/2026,Pending,Cross Examination,IPC,323,Hunsur,1254,3.44,25,December,2022,Yes,High,3+ Years,Moderate Wait,Low,,,
Mysuru,Medium,"SENIOR CIVIL JUDGE AND JMFC, Krishnarajanagara",C.C. - CRIMINAL CASES,780/2022,KAMS400020192022,2022,12/29/2022,12/29/2022,7/17/2026,Pending,Plea,IPC,34,Hunsur,1227,3.36,69,December,2022,Yes,High,3+ Years,Long Wait,Low,,,
Mysuru,Medium,"PRL. CIVIL JUDGE AND JMFC, KRISHNARAJANAGARA",C.C. - CRIMINAL CASES,2130/2022,KAMS410037702022,2022,11/21/2022,11/21/2022,6/20/2026,Pending,Appearance,IPC,34,Mysuru South,1265,3.47,42,November,2022,Yes,High,3+ Years,Moderate Wait,Medium,,,
Mysuru,Medium,"SENIOR CIVIL JUDGE , TIRUMAKUDAL NARSIPUR",C.C. - CRIMINAL CASES,2164/2022,KAMS700039792022,2022,12/30/2022,12/30/2022,6/1/2026,Pending,Hearing,IPC,420,Nanjangud,1226,3.36,23,December,2022,Yes,High,3+ Years,Moderate Wait,Low,,,
Mysuru,Medium,"PRL.CIVIL JUDGE AND JMFC, TIRUMAKUDAL NARSIPUR",C.C. - CRIMINAL CASES,3997/2022,KAMS710055222022,2022,10/28/2022,10/28/2022,6/26/2026,Pending,For Orders,IPC,420,Hunsur,1289,3.53,48,October,2022,Yes,High,3+ Years,Long Wait,High,,,
Mysuru,Medium,"PRL SENIOR CIVIL JUDGE AND JMFC, HUNSUR",C.C. - CRIMINAL CASES,3712/2022,KAMS300048432022,2022,12/29/2022,12/29/2022,7/17/2026,Pending,Appearance,IPC,506,Mysuru South,1227,3.36,69,December,2022,Yes,High,3+ Years,Long Wait,Low,,,
Mysuru,Medium,"PRL CIVIL JUDGE and JMFC,HUNSUR",C.C. - CRIMINAL CASES,5051/2022,KAMS310069752022,2022,12/15/2022,12/15/2022,6/28/2026,Pending,Summons,IPC,506,Nanjangud,1241,3.4,50,December,2022,Yes,High,3+ Years,Long Wait,High,,,
Mysuru,Medium,"PRL. CIVIL JUDGE AND JMFC, H.D.KOTE",C.C. - CRIMINAL CASES,5300/2022,KAMS210080222022,2022,12/29/2022,12/29/2022,6/15/2026,Pending,Hearing,IPC,420,Periyapatna,1227,3.36,37,December,2022,Yes,High,3+ Years,Moderate Wait,High,,,
Mysuru,Medium,"PRL.SENIOR CIVIL JUDGE AND JMFC, H D KOTE",C.C. - CRIMINAL CASES,5181/2022,KAMS200010122023,2022,10/22/2022,10/22/2022,6/10/2026,Pending,Plea,IPC,506,Periyapatna,1295,3.55,32,October,2022,Yes,High,3+ Years,Moderate Wait,Low,,,
Mysuru,Medium,"JMFC V COURT, MYSURU",C.C. - CRIMINAL CASES,6957/2022,KAMS0C0074982022,2022,12/16/2022,12/16/2022,7/9/2026,Pending,Appearance,IPC,323,Hunsur,1240,3.4,61,December,2022,Yes,High,3+ Years,Long Wait,Low,,,
Mysuru,Medium,"JMFC V COURT, MYSURU",C.C. - CRIMINAL CASES,6934/2022,KAMS0C0074452022,2022,11/21/2022,11/21/2022,6/7/2026,Pending,Arguments,IPC,420,Periyapatna,1265,3.47,29,November,2022,Yes,High,3+ Years,Moderate Wait,Medium,,,
Mysuru,Medium,"PRL.CIVIL JUDGE AND JMFC, PERIYAPATNA",C.C. - CRIMINAL CASES,4009/2022,KAMS610057302022,2022,12/28/2022,12/28/2022,7/26/2026,Pending,Evidence,IPC,420,Mysuru South,1228,3.36,78,December,2022,Yes,High,3+ Years,Long Wait,Low,,,
Mysuru,Medium,"JMFC III COURT, MYSORE",C.C. - CRIMINAL CASES,10642/2022,KAMS0A0111562022,2022,12/29/2022,12/29/2022,7/26/2026,Pending,Cross Examination,IPC,143,Mysuru South,1227,3.36,78,December,2022,Yes,High,3+ Years,Long Wait,High,,,
Mysuru,Medium,"PRL.CIVIL JUDGE AND JMFC, TIRUMAKUDAL NARSIPUR",C.C. - CRIMINAL CASES,4064/2022,KAMS710058102022,2022,12/20/2022,12/20/2022,5/12/2026,Pending,FRAMING OF CHARGE OR PLEA,INDIAN PENAL CODE,"341, 323, 504, 506, 324, 354(B), 34",BANNUR PS,1236,3.39,3,December,2022,Yes,High,3+ Years,Moderate Wait,High,,,
Mysuru,Medium,"PRL.CIVIL JUDGE AND JMFC, TIRUMAKUDAL NARSIPUR",C.C. - CRIMINAL CASES,4001/2022,KAMS710055262022,2022,10/28/2022,10/28/2022,6/2/2026,Pending,EVIDENCE,INDIAN PENAL CODE,"324, 323, 504, 506, 34",BANNUR PS,1289,3.53,24,October,2022,Yes,High,3+ Years,Moderate Wait,Medium,,,
Mysuru,Medium,"SENIOR CIVIL JUDGE AND JMFC, NANJANGUD",C.C. - CRIMINAL CASES,116/2011,KAMS500001152011,2011,21-12-2011,06-02-2012,,Case Disposed,CLOSED,Negotiable Instruments Act,U/S138OFNIACT,NANJANGUD TOWN PS,255,0.7,0,December,2011,No,Low,Disposed,Closed,Low,23-09-2015,Convicted,Convicted
Mysuru,Medium,PRL.CIVIL JUDGE AND JMFC NANJANGUD,C.C. - CRIMINAL CASES,1710/2011,KAMS510022162011,2011,20-12-2011,17-06-2012,,Case Disposed,WITHDRAWN,U/S 94 e of C.P.C,U/S138OFNIACT,Nanjangud,837,2.29,0,December,2011,No,Low,Disposed,Closed,Low,17-12-2012,Convicted,Convicted
Mysuru,Medium,"PRL. DISTRICT AND SESSIONS JUDGE, MYSURU",C.C. - CRIMINAL CASES,7/2012,KAMS010051142012,2012,31-10-2012,26-06-2013,,Disposed,DISPOSED,Indian Penal Code,U/S 420 IPC,Mysuru,238,0.65,0,October,2012,No,Low,Disposed,Closed,Low,12-01-2014,Convicted,Acquitted
Mysuru,Medium,PRL SENIOR CIVIL JUDGE AND CJM,C.C. - CRIMINAL CASES,965/2012,KAMS020033362012,2012,05-05-2012,07-05-2012,,Case Disposed,CONVICTED,"Railway Act, 1989",U/S143OFRAILWAYACT1989,Mysuru,416,1.14,0,May,2012,No,Low,Disposed,Closed,Low,04-04-2014,Withdrawn,Dismissed
Mysuru,Medium,PRL CIVIL JUDGE AND JMFC MYSURU,C.C. - CRIMINAL CASES,3455/2012,KAMS030084852011,2011,21-01-2011,26-08-2011,,Case Disposed,DISMISSED,U/s 200 of cr.p.c,138 of N.I act,Mysuru,1712,4.69,0,January,2011,No,Low,Disposed,Closed,Low,17-05-2012,Compromised,Compromised
Mysuru,Medium,"II CIVIL JUDGE AND JMFC,MYSURU",C.C. - CRIMINAL CASES,429/2012,KAMS070013222012,2012,21-12-2012,05-04-2013,,Case Disposed,CLOSED,Indian Penal Code,U/S279.338IPC,Mysuru,131,0.36,0,December,2012,No,Low,Disposed,Closed,Low,01-11-2014,Compromised,Withdrawn
Mysuru,Medium,"JMFC II COURT, MYSURU",C.C. - CRIMINAL CASES,644/2012,KAMS090019112012,2012,24-12-2012,06-04-2013,,Case Disposed,CONVICTED,LABOUR,U/S 138 NI ACT,Mysuru,131,0.36,0,December,2012,No,Low,Disposed,Closed,Low,13-08-2015,Withdrawn,Convicted
Mysuru,Medium,"SENIOR CIVIL JUDGE AND JMFC, Krishnarajanagara",C.C. - CRIMINAL CASES,657/2013,KAMS400010592013,2013,20-12-2013,15-10-2014,,Disposed,PLAINT REJECTED,Negotiable Instruments Act,U/S138OFNIACT,Krishnarajanagara,299,0.82,0,December,2013,No,Low,Disposed,Closed,Low,16-06-2015,Convicted,Compromised
Mysuru,Medium,"PRL. CIVIL JUDGE AND JMFC, KRISHNARAJANAGARA",C.C. - CRIMINAL CASES,1956/2013,KAMS410032902013,2013,20-12-2013,28-02-2014,,Case Disposed,COMPROMISED,Negotiable Instruments Act,U/S138OFNIACT,Krishnarajanagara,312,0.85,0,December,2013,No,Low,Disposed,Closed,Low,01-08-2017,Compromised,Withdrawn
Mysuru,Medium,"SENIOR CIVIL JUDGE , TIRUMAKUDAL NARSIPUR",C.C. - CRIMINAL CASES,644/2010,KAMS700011072010,2010,31-12-2010,03-03-2011,,Case Disposed,WITHDRAWN,Code of Criminal Procedure,U/Sec.200OFCr.P.C.,TIRUMAKUDAL NARSIPUR,960,2.63,0,December,2010,No,Low,Disposed,Closed,Low,10-08-2013,Convicted,Withdrawn
Tumakuru,Semi-urban,"Civil Judge and JMFC,Gubbi",C.C. - CRIMINAL CASES,5283/2022,KATK310064912022,2022,2022-10-29 00:00:00,2022-10-29 00:00:00,2026-06-15 00:00:00,Pending,NBW,IPC,"324, 384, 120B",Gubbi PS,1288,3.53,40,October,2022,Yes,High,3+ Years,Moderate Wait,Medium,,,
Tumakuru,Semi-urban,"PRL.SR.CIVIL JUDGE AND JMFC, GUBBI",C.C. - CRIMINAL CASE,4162/2022,KATK300047962022,2022,2022-08-10 00:00:00,2022-08-10 00:00:00,2026-06-18 00:00:00,Pending,Charge,IPC,"420, 406",Gubbi PS,1368,3.75,35,August,2022,Yes,High,3+ Years,Moderate Wait,Medium,,,
Tumakuru,Semi-urban,"Civil Judge and JMFC, KORATAGERE",C.C. - CRIMINAL CASES,2066/2022,KATK400028542022,2022,2022-11-24 00:00:00,2022-11-24 00:00:00,2026-06-20 00:00:00,Pending,Evidence,IPC,"341, 323",Koratagere PS,1262,3.46,30,November,2022,Yes,Medium,3+ Years,Moderate Wait,Medium,,,
Tumakuru,Semi-urban,Prl Senior Civil Judge and CJM Tumkur,C.C. - CRIMINAL CASES,4739/2022,KATK020074692022,2022,2022-10-28 00:00:00,2022-10-28 00:00:00,2026-06-22 00:00:00,Pending,NBW,IPC,"379, 34",Tumkur PS,1289,3.53,45,October,2022,Yes,High,3+ Years,Long Wait,High,,,
Tumakuru,Semi-urban,Prl Civil Judge and JMFC Tumkur,C.C. - CRIMINAL CASES,10905/2022,KATK030141962022,2022,2022-12-22 00:00:00,2022-12-22 00:00:00,2026-06-25 00:00:00,Pending,Hearing,IPC,"504, 506",Tumkur PS,1235,3.38,28,December,2022,Yes,Medium,3+ Years,Short Wait,Low,,,
Tumakuru,Semi-urban,"Prl.Sr.Civil Judge and JMFC, Madhugiri",C.C. - CRIMINAL CASES,228/2022,KATK610007232022,2022,2022-05-30 00:00:00,2022-05-30 00:00:00,2026-06-11 00:00:00,Pending,NBW,IPC,"324, 384, 120B, 34, 341, 109, 427, 511",MADHUGIRI PS,1441,3.95,42,May,2022,Yes,High,3+ Years,Long Wait,High,,,
Tumakuru,Semi-urban,"Addl. Civil Judge and JMFC, Madhugiri",C.C. - CRIMINAL CASES,2514/2022,KATK630029282022,2022,2022-11-21 00:00:00,2022-11-21 00:00:00,2026-06-19 00:00:00,Pending,Evidence,IPC,"323, 324",Madhugiri PS,1265,3.47,31,November,2022,Yes,Medium,3+ Years,Moderate Wait,Medium,,,
Tumakuru,Semi-urban,"Prl. Civil Judge and J.M.F.C Court, C.N.Halli",C.C. - CRIMINAL CASES,4330/2022,KATK210053172022,2022,2022-12-05 00:00:00,2022-12-05 00:00:00,2026-06-16 00:00:00,Pending,Charge,IPC,"143, 147",CN Halli PS,1251,3.43,27,December,2022,Yes,Medium,3+ Years,Short Wait,Low,,,
Tumakuru,Semi-urban,"Sr.Civil Judge and JMFC,Cnhalli",C.C. - CRIMINAL CASES,2088/2022,KATK200024932022,2022,2022-08-03 00:00:00,2022-08-03 00:00:00,2026-06-17 00:00:00,Pending,NBW,IPC,"420, 34",CN Halli PS,1375,3.77,39,August,2022,Yes,High,3+ Years,Moderate Wait,Medium,,,
Tumakuru,Semi-urban,"Senior Civil Judge and JMFC,Kunigal",C.C. - CRIMINAL CASES,3823/2022,KATK500042082022,2022,2022-05-24 00:00:00,2022-05-24 00:00:00,2026-06-24 00:00:00,Pending,Evidence,IPC,"504, 506",Kunigal PS,1447,3.96,33,May,2022,Yes,High,3+ Years,Moderate Wait,Medium,,,
Tumakuru,Semi-urban,"CIVIL JUDGE AND JMFC,TURUVEKERE",C.C. - CRIMINAL CASES,110/2023,KATKA10003212023,2023,2023-03-21 00:00:00,2023-03-21 00:00:00,2026-06-15 00:00:00,Pending,Hearing,IPC,"323, 324",Turuvekere PS,1146,3.14,26,March,2023,Yes,Medium,3+ Years,Short Wait,Low,,,
Tumakuru,Semi-urban,"SENIOR CIVIL JUDGE AND JMFC,TURUVEKERE",C.C. - CRIMINAL CASES,2252/2023,KATKA00028962023,2023,2023-12-15 00:00:00,2023-12-15 00:00:00,2026-06-23 00:00:00,Pending,Charge,IPC,"341, 504",Turuvekere PS,877,2.4,29,December,2023,No,Medium,2-3 Years,Short Wait,Low,,,
Tumakuru,Semi-urban,"Prl.CIVIL JUDGE AND JMFC,PAVAGADA",C.C. - CRIMINAL CASES,2073/2023,KATK710030442023,2023,2023-12-20 00:00:00,2023-12-20 00:00:00,2026-06-21 00:00:00,Pending,Evidence,IPC,"420, 34",Pavagada PS,872,2.39,32,December,2023,No,Medium,2-3 Years,Moderate Wait,Medium,,,
Tumakuru,Semi-urban,Prl Senior Civil Judge and J.M.F.C.Sira,C.C. - CRIMINAL CASES,504/2023,KATK800015572023,2023,2023-09-21 00:00:00,2023-09-21 00:00:00,2026-06-20 00:00:00,Pending,Hearing,IPC,"379, 34",Sira PS,962,2.64,24,September,2023,No,Medium,2-3 Years,Short Wait,Low,,,
Tumakuru,Semi-urban,"SENIOR CIVIL JUDGE AND JMFC,TIPTUR",C.C. - CRIMINAL CASES,1078/2023,KATK910024012023,2023,2023-12-22 00:00:00,2023-12-22 00:00:00,2026-06-25 00:00:00,Pending,Charge,IPC,"323, 506",Tiptur PS,870,2.38,30,December,2023,No,Medium,2-3 Years,Moderate Wait,Medium,,,
Tumakuru,Semi-urban,"Civil Judge and JMFC,Gubbi",C.C. - CRIMINAL CASES,5344/2022,KATK310067132022,2022,2022-12-14 00:00:00,2022-12-14 00:00:00,,Disposed,Judgement,IPC,143147149341504000,CHELUR PS,607,1.66,0,December,2022,No,Low,1-2 Years,Closed,Low,2024-08-12 00:00:00,Contested - ACQUITTED,Acquitted
Tumakuru,Semi-urban,"PRL.SR.CIVIL JUDGE AND JMFC, GUBBI",C.C. - CRIMINAL CASE,4374/2022,KATK300053872022,2022,2022-12-23 00:00:00,2022-12-23 00:00:00,,Disposed,Plea,185 IMV Act,Not Available,Gubbi PS,0,0.0,0,December,2022,No,Low,Disposed Quickly,Closed,Low,2022-12-23 00:00:00,Uncontested - Convicted On Plead Guilty / Plea Bargaining,Convicted
Tumakuru,Semi-urban,"Civil Judge and JMFC, KORATAGERE",C.C. - CRIMINAL CASES,1413/2021,KATK400024412021,2021,2021-12-16 00:00:00,2021-12-18 00:00:00,,Disposed,Plea,IPC,Plea Bargaining,KOLALA PS,2,0.01,0,December,2021,No,Low,Disposed Quickly,Closed,Low,2021-12-18 00:00:00,Uncontested - Convicted on Plead Guilty/Plea Bargaining,Convicted
Tumakuru,Semi-urban,Prl Senior Civil Judge and CJM Tumkur,C.C. - CRIMINAL CASES,12138/2021,KATK020147962021,2021,2021-12-17 00:00:00,2021-12-18 00:00:00,,Disposed,Lok Adalath,IPC,Settled,TUMAKURU TOWN PS,1,0.0,0,December,2021,No,Low,Disposed Quickly,Closed,Low,2021-12-18 00:00:00,Uncontested - SETTLED IN LOK ADALATH,Settled
Tumakuru,Semi-urban,Prl Civil Judge and JMFC Tumkur,C.C. - CRIMINAL CASES,25075/2021,KATK030277652021,2021,2021-12-29 00:00:00,2021-12-29 00:00:00,,Disposed,Closed,NI ACT,138142,Tumkur PS,1212,3.32,0,December,2021,No,Medium,3+ Years,Closed,Medium,2025-04-24 00:00:00,Uncontested - Disposed Otherwise,Disposed Otherwise
Tumakuru,Semi-urban,"Prl.Sr.Civil Judge and JMFC, Madhugiri",C.C. - CRIMINAL CASES,564/2022,KATK610013702022,2022,2022-07-27 00:00:00,2022-08-13 00:00:00,,Disposed,Committal,IPC,30750434506,KODIGENAHALLI PS,20,0.05,0,July,2022,No,Low,Disposed Quickly,Closed,Low,2022-08-16 00:00:00,Uncontested - Committed To Sessions Court,Committed
Tumakuru,Semi-urban,Prl Senior Civil Judge and CJM Tumkur,C.C. - CRIMINAL CASES,4737/2022,KATK020074052022,2022,2022-10-27 00:00:00,2022-10-28 00:00:00,,Disposed,Lok Adalath,IPC,379,NEW EXTENSION PS,15,0.04,0,October,2022,No,Low,Disposed Quickly,Closed,Low,2022-11-12 00:00:00,Uncontested - SETTLED IN LOK ADALATH,Settled
Tumakuru,Semi-urban,"Prl.Civil Judge and JMFC, Madhugiri",C.C. - CRIMINAL CASES,2505/2022,KATK620017082022,2022,2022-11-22 00:00:00,2022-11-23 00:00:00,,Disposed,Closed,IPC,"279,304(A),181",BADAVANAHALLI PS,1,0.0,0,November,2022,No,Low,Disposed Quickly,Closed,Low,2022-11-23 00:00:00,Uncontested - Abated,Abated
